02,06,10,22,30,31,15,2017-06-13
01,03,04,10,18,29,04,2017-06-11
01,04,06,17,19,26,03,2017-06-08
02,05,08,10,12,21,07,2017-06-06
02,10,16,22,24,28,15,2017-06-04
12,16,20,22,25,31,04,2017-06-01
01,07,22,24,26,31,10,2017-05-30
06,07,12,20,26,27,11,2017-05-28
05,10,13,24,26,31,04,2017-05-25
04,08,09,15,19,25,09,2017-05-23
01,09,13,22,28,32,11,2017-05-21
18,20,22,23,30,31,16,2017-05-18
13,14,18,19,21,28,06,2017-05-16
07,12,13,20,24,31,05,2017-05-14
02,03,09,23,28,33,08,2017-05-11
04,09,11,15,29,31,06,2017-05-09
07,08,18,24,29,31,07,2017-05-07
02,05,09,15,24,25,11,2017-05-04
10,12,20,24,27,29,07,2017-05-02
01,08,14,15,20,29,10,2017-04-30
05,08,09,14,15,19,07,2017-04-27
02,05,08,10,32,33,02,2017-04-25
04,13,14,23,26,32,10,2017-04-23
05,07,16,20,21,25,05,2017-04-20
08,16,19,21,31,32,06,2017-04-18
08,13,16,23,27,31,08,2017-04-16
01,02,04,07,10,23,04,2017-04-13
04,10,13,15,22,27,04,2017-04-11
15,19,23,28,29,33,04,2017-04-09
02,04,12,14,17,24,15,2017-04-06
01,04,08,13,24,27,05,2017-04-04
11,15,20,22,25,30,05,2017-04-02
01,02,05,10,24,27,15,2017-03-30
01,06,14,24,28,32,12,2017-03-28
04,07,08,19,32,33,13,2017-03-26
05,07,15,20,23,30,15,2017-03-23
05,08,15,24,27,31,11,2017-03-21
06,10,16,26,27,29,03,2017-03-19
01,07,09,20,23,30,02,2017-03-16
02,15,21,23,25,30,10,2017-03-14
07,08,12,13,22,30,09,2017-03-12
02,04,11,14,27,30,05,2017-03-09
03,10,12,19,27,30,08,2017-03-07
02,15,16,17,22,32,07,2017-03-05
09,21,25,26,29,31,13,2017-03-02
01,03,04,11,18,22,14,2017-02-28
02,06,15,16,18,32,15,2017-02-26
02,05,10,22,32,33,09,2017-02-23
04,08,10,12,31,33,10,2017-02-21
04,06,08,12,23,25,08,2017-02-19
01,02,03,17,25,31,09,2017-02-16
03,07,08,10,22,23,12,2017-02-14
05,08,16,22,27,29,02,2017-02-12
01,08,09,14,17,32,01,2017-02-09
06,08,18,20,23,31,13,2017-02-07
08,11,28,29,31,33,06,2017-02-05
10,11,14,15,16,24,07,2017-01-26
10,11,12,23,26,29,16,2017-01-24
05,08,19,25,28,30,07,2017-01-22
02,06,08,09,15,29,14,2017-01-19
07,13,15,27,28,29,13,2017-01-17
02,04,05,24,26,33,15,2017-01-15
02,04,08,26,29,33,08,2017-01-12
06,11,12,22,23,30,05,2017-01-10
05,13,17,26,27,30,07,2017-01-08
01,04,08,15,27,32,16,2017-01-05
15,19,23,24,25,32,03,2017-01-03
09,11,14,20,25,26,15,2017-01-01
07,09,16,24,25,29,06,2016-12-29
02,08,09,16,20,22,07,2016-12-27
06,11,16,20,22,33,07,2016-12-25
02,04,05,09,13,21,05,2016-12-22
03,20,23,26,32,33,07,2016-12-20
01,02,11,20,26,30,14,2016-12-18
04,14,18,28,31,32,12,2016-12-15
03,07,15,16,17,23,10,2016-12-13
01,03,07,12,19,20,06,2016-12-11
04,10,12,27,32,33,05,2016-12-08
06,09,23,24,25,33,13,2016-12-06
01,10,17,21,23,30,12,2016-12-04
04,13,15,17,21,24,15,2016-12-01
01,02,05,17,26,32,10,2016-11-29
01,06,19,26,28,30,03,2016-11-27
07,16,20,24,25,30,07,2016-11-24
01,06,09,10,15,32,14,2016-11-22
02,07,10,20,27,29,03,2016-11-20
02,08,10,18,20,33,12,2016-11-17
11,12,13,14,18,33,13,2016-11-15
15,16,21,22,27,33,15,2016-11-13
05,08,13,19,27,28,07,2016-11-10
04,10,18,19,25,27,02,2016-11-08
03,17,21,23,27,28,01,2016-11-06
05,06,08,21,31,33,14,2016-11-03
04,09,11,17,26,27,13,2016-11-01
07,12,17,26,29,31,16,2016-10-30
02,06,12,17,18,19,10,2016-10-27
01,06,08,20,27,30,03,2016-10-25
09,15,21,24,27,32,10,2016-10-23
07,09,12,14,20,27,16,2016-10-20
15,22,23,24,28,29,08,2016-10-18
02,03,10,23,25,28,09,2016-10-16
02,05,06,21,25,28,09,2016-10-13
09,19,21,30,31,32,04,2016-10-11
09,14,22,23,31,33,14,2016-10-09
03,10,14,17,28,33,02,2016-10-06
07,18,20,23,27,31,13,2016-10-04
06,08,20,22,26,27,09,2016-10-02
05,16,20,22,27,29,09,2016-09-29
01,11,16,17,20,26,14,2016-09-27
06,12,14,15,18,25,12,2016-09-25
02,04,07,14,15,32,04,2016-09-22
05,07,28,31,32,33,08,2016-09-20
09,11,15,16,27,33,05,2016-09-18
02,03,07,08,19,26,16,2016-09-15
06,11,18,26,27,32,01,2016-09-13
04,05,13,22,25,30,04,2016-09-11
08,10,19,27,28,31,16,2016-09-08
05,09,11,18,30,31,04,2016-09-06
01,05,13,19,24,27,11,2016-09-04
05,08,10,14,17,30,13,2016-09-01
01,03,19,24,32,33,01,2016-08-30
03,10,22,23,27,29,04,2016-08-28
01,11,21,23,27,33,06,2016-08-25
02,08,25,29,31,32,06,2016-08-23
06,13,25,26,28,31,01,2016-08-21
06,13,14,21,22,24,16,2016-08-18
01,05,09,12,18,32,12,2016-08-16
06,07,10,12,18,31,10,2016-08-14
06,09,15,17,25,27,09,2016-08-11
02,13,15,23,24,29,06,2016-08-09
04,08,14,22,23,28,07,2016-08-07
02,13,17,20,21,26,07,2016-08-04
01,03,14,30,31,32,08,2016-08-02
03,14,16,18,25,33,15,2016-07-31
02,03,10,11,14,21,12,2016-07-28
09,10,11,12,15,32,05,2016-07-26
01,12,19,20,21,25,16,2016-07-24
02,04,12,18,24,26,05,2016-07-21
09,16,17,24,30,31,04,2016-07-19
06,12,14,15,17,20,09,2016-07-17
02,06,15,25,30,32,07,2016-07-14
01,16,17,24,25,32,14,2016-07-12
01,03,10,12,24,28,02,2016-07-10
02,04,08,23,26,29,02,2016-07-07
01,09,17,19,20,29,10,2016-07-05
07,08,13,22,30,32,01,2016-07-03
01,03,06,16,29,32,07,2016-06-30
06,10,11,12,20,25,12,2016-06-28
09,11,12,15,16,20,13,2016-06-26
05,16,19,22,24,25,02,2016-06-23
19,21,26,28,29,32,01,2016-06-21
03,06,11,18,23,29,01,2016-06-19
08,10,11,20,21,27,11,2016-06-16
08,19,23,28,31,32,01,2016-06-14
09,13,18,20,27,31,04,2016-06-12
03,07,13,18,19,20,05,2016-06-09
13,16,22,25,26,27,14,2016-06-07
03,12,14,17,19,26,03,2016-06-05
16,17,18,23,28,32,07,2016-06-02
12,13,15,18,19,21,09,2016-05-31
05,06,08,18,20,32,08,2016-05-29
04,05,22,26,29,32,08,2016-05-26
04,11,12,20,25,28,15,2016-05-24
03,05,18,20,24,32,11,2016-05-22
07,12,19,22,23,26,11,2016-05-19
03,04,08,11,16,18,14,2016-05-17
05,06,10,16,22,26,11,2016-05-15
06,11,16,19,28,32,04,2016-05-12
02,08,10,12,29,31,01,2016-05-10
01,06,13,19,24,28,16,2016-05-08
01,02,04,09,15,33,12,2016-05-05
09,12,24,28,29,30,02,2016-05-03
06,08,13,14,22,27,10,2016-05-01
03,08,13,14,15,30,04,2016-04-28
02,05,08,15,17,22,16,2016-04-26
07,20,25,26,27,30,14,2016-04-24
04,09,12,17,30,32,03,2016-04-21
01,03,10,12,18,30,01,2016-04-19
05,14,20,26,30,33,12,2016-04-17
07,14,17,23,26,31,09,2016-04-14
12,17,18,21,22,24,04,2016-04-12
03,13,19,20,23,26,03,2016-04-10
01,03,07,18,19,27,16,2016-04-07
03,12,13,22,28,29,03,2016-04-05
06,15,26,31,32,33,16,2016-04-03
03,04,07,09,20,22,03,2016-03-31
04,13,19,20,26,29,11,2016-03-29
03,15,21,22,23,28,15,2016-03-27
06,17,18,20,27,29,15,2016-03-24
08,12,14,15,21,27,15,2016-03-22
03,08,10,19,26,33,03,2016-03-20
10,14,19,22,25,29,12,2016-03-17
12,15,18,20,21,27,15,2016-03-15
06,08,12,21,25,29,01,2016-03-13
11,13,15,17,19,31,05,2016-03-10
04,09,12,28,30,33,01,2016-03-08
04,11,12,17,24,30,12,2016-03-06
02,05,07,14,18,31,13,2016-03-03
03,06,10,19,25,29,07,2016-03-01
04,09,19,22,23,30,07,2016-02-28
09,11,13,22,24,26,05,2016-02-25
01,02,10,12,22,24,10,2016-02-23
06,13,16,17,23,30,10,2016-02-21
12,13,14,17,21,25,04,2016-02-18
05,06,08,20,22,30,05,2016-02-16
01,20,22,24,25,26,16,2016-02-14
01,02,14,22,25,26,07,2016-02-04
02,08,10,18,20,27,07,2016-02-02
07,12,21,22,26,31,01,2016-01-31
07,12,14,16,27,32,15,2016-01-28
03,08,10,15,22,29,12,2016-01-26
02,04,12,14,19,25,06,2016-01-24
10,14,24,25,27,32,04,2016-01-21
02,15,24,29,32,33,02,2016-01-19
05,12,14,20,27,29,06,2016-01-17
13,16,18,20,28,31,12,2016-01-14
11,14,18,20,31,33,14,2016-01-12
08,10,17,22,25,33,12,2016-01-10
01,10,14,23,26,28,01,2016-01-07
09,14,17,20,24,30,16,2016-01-05
06,13,16,18,20,22,13,2016-01-03
07,09,11,15,18,25,07,2015-12-31
08,11,15,22,27,29,03,2015-12-29
11,18,19,21,29,32,12,2015-12-27
05,06,08,23,31,32,11,2015-12-24
01,03,08,11,29,31,13,2015-12-22
09,10,20,21,22,33,09,2015-12-20
09,13,14,22,26,27,07,2015-12-17
08,09,16,23,24,30,05,2015-12-15
16,17,21,28,30,32,15,2015-12-13
07,08,15,19,20,24,13,2015-12-10
01,04,07,15,28,32,16,2015-12-08
13,15,19,20,21,32,04,2015-12-06
13,17,19,20,22,25,11,2015-12-03
03,08,19,25,27,28,02,2015-12-01
06,20,28,29,30,31,12,2015-11-29
01,10,13,18,25,27,09,2015-11-26
01,02,08,16,19,24,11,2015-11-24
14,22,23,27,28,31,12,2015-11-22
02,05,12,23,28,29,01,2015-11-19
01,12,14,18,26,32,07,2015-11-17
02,05,14,19,27,31,04,2015-11-15
02,03,13,20,22,24,15,2015-11-12
03,05,11,28,30,33,01,2015-11-10
10,12,13,19,22,26,03,2015-11-08
06,14,15,16,17,22,10,2015-11-05
05,08,11,16,18,27,04,2015-11-03
01,03,08,11,22,28,06,2015-11-01
07,10,19,22,27,33,06,2015-10-29
10,11,15,20,23,29,12,2015-10-27
05,13,22,27,30,33,10,2015-10-25
02,03,05,12,18,27,01,2015-10-22
05,08,09,12,22,28,07,2015-10-20
05,07,11,16,22,25,07,2015-10-18
01,03,20,21,28,29,12,2015-10-15
16,21,24,26,27,29,16,2015-10-13
02,08,10,18,23,31,08,2015-10-11
01,04,11,21,23,31,12,2015-10-08
04,11,12,18,26,32,12,2015-10-06
04,06,15,23,26,28,11,2015-10-04
01,07,08,14,24,32,03,2015-10-01
04,07,09,13,21,26,01,2015-09-29
01,05,07,08,19,27,12,2015-09-27
01,03,10,19,20,27,11,2015-09-24
08,14,16,18,20,30,12,2015-09-22
05,07,16,17,22,23,04,2015-09-20
01,08,09,16,32,33,13,2015-09-17
02,12,19,22,24,27,15,2015-09-15
07,14,16,18,21,25,08,2015-09-13
01,03,04,23,31,32,13,2015-09-10
09,10,16,19,20,26,12,2015-09-08
09,18,21,23,25,26,01,2015-09-06
06,08,13,26,30,32,14,2015-09-03
07,09,12,14,21,23,06,2015-09-01
08,16,22,24,28,29,05,2015-08-30
02,03,11,17,19,21,08,2015-08-27
06,07,10,11,14,22,09,2015-08-25
06,09,13,26,27,33,01,2015-08-23
09,12,14,20,26,27,04,2015-08-20
06,16,17,23,24,31,07,2015-08-18
04,15,21,28,30,31,04,2015-08-16
01,04,06,13,16,17,10,2015-08-13
01,03,13,21,25,31,08,2015-08-11
09,15,19,21,26,27,01,2015-08-09
05,07,17,19,22,31,11,2015-08-06
10,12,14,22,25,33,15,2015-08-04
12,14,19,27,28,29,01,2015-08-02
02,12,20,24,29,31,09,2015-07-30
09,15,16,19,20,28,11,2015-07-28
05,06,08,16,18,22,12,2015-07-26
02,08,25,27,28,29,05,2015-07-23
15,18,20,22,28,29,15,2015-07-21
06,07,16,18,29,32,05,2015-07-19
02,08,09,14,28,30,07,2015-07-16
13,20,22,26,28,31,13,2015-07-14
14,17,25,27,28,30,02,2015-07-12
09,14,15,20,26,32,11,2015-07-09
03,07,20,22,26,29,02,2015-07-07
01,06,08,10,13,27,16,2015-07-05
01,09,10,19,23,27,09,2015-07-02
06,11,13,19,21,32,04,2015-06-30
04,07,21,25,26,29,08,2015-06-28
01,02,17,22,26,27,04,2015-06-25
01,03,05,20,21,31,05,2015-06-23
08,18,20,28,29,31,08,2015-06-21
01,07,13,19,21,29,15,2015-06-18
01,13,17,18,23,30,15,2015-06-16
06,15,18,21,26,27,10,2015-06-14
02,05,08,24,25,31,14,2015-06-11
05,08,11,17,24,28,16,2015-06-09
08,10,14,19,26,29,12,2015-06-07
11,12,14,17,23,27,01,2015-06-04
01,07,09,16,22,32,12,2015-06-02
09,14,15,18,21,26,16,2015-05-31
06,18,22,26,32,33,04,2015-05-28
01,03,18,27,31,32,13,2015-05-26
02,06,09,16,25,32,14,2015-05-24
02,09,10,18,19,20,15,2015-05-21
09,20,24,25,26,32,04,2015-05-19
01,07,08,16,18,20,14,2015-05-17
01,10,15,18,19,28,02,2015-05-14
01,02,07,10,22,26,07,2015-05-12
03,07,17,22,32,33,10,2015-05-10
02,04,11,16,25,26,12,2015-05-07
04,10,24,26,28,32,09,2015-05-05
03,09,12,16,17,31,04,2015-05-03
07,12,14,17,20,23,05,2015-04-30
13,16,17,22,25,27,10,2015-04-28
02,03,20,24,26,27,09,2015-04-26
05,07,10,14,23,31,01,2015-04-23
01,05,13,22,30,31,07,2015-04-21
02,03,04,13,14,16,02,2015-04-19
11,12,15,24,26,27,15,2015-04-16
09,10,19,21,23,32,08,2015-04-14
04,09,11,17,21,25,06,2015-04-12
13,16,18,27,30,32,16,2015-04-09
01,13,15,26,29,30,12,2015-04-07
05,06,11,12,14,33,14,2015-04-05
05,07,12,18,28,31,03,2015-04-02
04,06,16,17,26,33,03,2015-03-31
01,08,09,22,24,33,03,2015-03-29
12,13,17,18,20,27,13,2015-03-26
03,06,21,29,31,32,05,2015-03-24
11,14,16,18,29,32,16,2015-03-22
01,05,07,22,26,32,11,2015-03-19
08,11,14,15,16,26,07,2015-03-17
07,14,15,19,21,28,07,2015-03-15
04,07,10,26,27,28,14,2015-03-12
05,07,09,16,26,29,07,2015-03-10
02,13,17,21,22,33,13,2015-03-08
10,11,12,15,27,32,14,2015-03-05
09,11,16,18,23,24,10,2015-03-03
08,09,10,13,29,30,01,2015-03-01
04,07,10,16,23,25,10,2015-02-26
14,15,16,17,27,28,08,2015-02-17
01,04,07,19,22,23,04,2015-02-15
02,06,11,19,25,26,04,2015-02-12
06,09,12,14,28,29,09,2015-02-10
13,18,20,25,27,33,12,2015-02-08
02,06,10,15,17,31,13,2015-02-05
01,07,20,24,25,33,04,2015-02-03
02,12,16,19,27,30,11,2015-02-01
08,09,24,25,26,29,01,2015-01-29
03,05,22,23,29,31,06,2015-01-27
